eigenvalue,variance.percent,cumulative.variance.percent
2.527669733775797,28.085219264175986,28.085219264175986
1.3577638892462274,15.086265436069443,43.17148470024543
1.0667223985612935,11.85247109512568,55.02395579537111
