eigenvalue,variance.percent,cumulative.variance.percent
1.8749717233216348,15.624764361014254,15.624764361014254
1.0547304534894766,8.789420445745993,24.414184806760247
1.0225111748689888,8.520926457241917,32.93511126400216
