eigenvalue,variance.percent,cumulative.variance.percent
2.0451779314483582,15.732137934219544,15.732137934219544
1.1566971085745361,8.897670065958765,24.629808000178308
1.0387033257106233,7.990025582390124,32.61983358256843
