eigenvalue,variance.percent,cumulative.variance.percent
1.9280420561604052,16.06701713466798,16.06701713466798
1.0534298377174633,8.778581980977734,24.845599115645715
1.0123340118417041,8.436116765346451,33.28171588099217
