eigenvalue,variance.percent,cumulative.variance.percent
3.437051917192972,24.55037083709408,24.55037083709408
1.083948093078905,7.742486379135484,32.292857216229564
1.0365270069589876,7.403764335421768,39.69662155165133
