eigenvalue,variance.percent,cumulative.variance.percent
3.2449951013410288,24.961500779546448,24.961500779546448
1.2078507785050476,9.29115983465424,34.252660614200686
1.074115383965044,8.262426030500361,42.51508664470105
