eigenvalue,variance.percent,cumulative.variance.percent
1.798662411747336,19.985137908303415,19.985137908303415
1.1006742615951903,12.229714017724142,32.214851926027556
1.0274291610106365,11.415879566784668,43.630731492812224
