eigenvalue,variance.percent,cumulative.variance.percent
3.0205917573037246,37.75739696629735,37.75739696629735
1.0083980345723937,12.604975432155186,50.362372398452536
1.0005682339253108,12.507102924066649,62.869475322519186
