x,y,Dim.1,Dim.2,Dim.3,dim1_bin,dim2_bin,dim3_bin,bin_string,landcover,landcover_class,elevation,slope,aspect,treecover
47.467625,-21.498125,-1.8804763061906635,-0.2023461705195349,-1.6048084853129907,"(-3.11,-1.7]","(-2.5,-0.187]","(-3.73,-1.06]","(-3.11,-1.7] (-2.5,-0.187] (-3.73,-1.06]",NA,NA,NA,NA,NA,NA
47.539125,-21.586875000000003,-1.8652519258583928,4.8049761347465765,1.4754901193648349,"(-3.11,-1.7]","(4.42,6.74]","(-1.06,1.61]","(-3.11,-1.7] (4.42,6.74] (-1.06,1.61]",NA,NA,NA,NA,NA,NA
47.539375,-21.587125,NA,NA,NA,"(-3.11,-1.7]","(4.42,6.74]","(1.61,4.29]","(-3.11,-1.7] (4.42,6.74] (1.61,4.29]",5,Mixed forest,487.6361389160156,39.02289581298828,96.51944732666016,29
47.467375,-21.498375000000003,NA,NA,NA,"(-3.11,-1.7]","(-0.187,2.12]","(-3.73,-1.06]","(-3.11,-1.7] (-0.187,2.12] (-3.73,-1.06]",15,Cropland/Natural vegetation mosaic,534.78704833984375,9.751235008239746,27.698734283447266,29
