x,y,Dim.1,Dim.2,Dim.3,dim1_bin,dim2_bin,dim3_bin,bin_string
142643.59683372278,216496.1855161935,-2.115356687430055,0.8278317257068621,0.23117409838416786,"(-4.1,-0.628]","(0.674,2.45]","(-0.771,1.92]","(-4.1,-0.628] (0.674,2.45] (-0.771,1.92]"
