x,y,Dim.1,Dim.2,Dim.3,dim1_bin,dim2_bin,dim3_bin,bin_string
316589.77772431204,5416662.58119482,0.8363989127837244,-2.368969939153167,-0.12791232664429747,"(-2.02,0.854]","(-3.82,-2.36]","(-2.07,-0.12]","(-2.02,0.854] (-3.82,-2.36] (-2.07,-0.12]"
499489.77772431204,5454062.58119482,2.1184726789579003,0.5584797936198939,2.8843622481249622,"(0.854,3.71]","(0.554,2.01]","(1.83,3.79]","(0.854,3.71] (0.554,2.01] (1.83,3.79]"
