x,y,Dim.1,Dim.2,Dim.3,dim1_bin,dim2_bin,dim3_bin,bin_string,landcover,landcover_class,elevation,slope,aspect,soiltemp,macroclimate
4381119.08128998,-2275181.74676982,-2.229780224418031,-0.621725218516196,4.688387330364187,"(-3.13,-1.83]","(-1.01,1.29]","(3.43,6.73]","(-3.13,-1.83] (-1.01,1.29] (3.43,6.73]",NA,NA,NA,NA,NA,NA,NA
4381119.08128998,-2275181.74676982,-2.229780224418031,-0.621725218516196,4.688387330364187,"(-3.13,-1.83]","(-1.01,1.29]","(3.43,6.73]","(-3.13,-1.83] (-1.01,1.29] (3.43,6.73]",NA,NA,NA,NA,NA,NA,NA
4381119.08128998,-2274881.74676982,-2.2301629997996355,-1.1176139299649894,5.81058356020599,"(-3.13,-1.83]","(-3.33,-1.01]","(3.43,6.73]","(-3.13,-1.83] (-3.33,-1.01] (3.43,6.73]",NA,NA,NA,NA,NA,NA,NA
