x,y,landcover,landcover_class,elevation,slope,aspect,Dim.1,Dim.2,Dim.3
47.463125,-21.536041666666666,15,Cropland/Natural vegetation mosaic,847.79327392578125,50.958160400390625,323.1843566894531,-0.5953567308983717,2.484501608115216,-4.357726807032713
47.463541666666664,-21.536041666666666,15,Cropland/Natural vegetation mosaic,889.42218017578125,51.84893035888672,329.6705322265625,-0.49391938840261335,2.5289686388631885,-4.463926876705526
